name_en,name_de,published
Ski Gear,Skiausrí_stung,TRUE
Burton,Burton,TRUE
Bandanas,Bandanas,TRUE
Billabong,Billabong,TRUE
Bags women,Taschen Women,TRUE
Backpacks,Rucksí_cke,TRUE
Soft Bindings,Snowboard Bindungen,TRUE
Goggles,Schneebrillen,TRUE
Shades Women,Sonnenbrillen Women,TRUE
Ski Boots,Skischuhe,TRUE
Helmets Snow,Helme Snow,TRUE
Protectors,Protektoren,TRUE
Sandals women,Sandalen Women,TRUE
Freestyle+Freeride,Freestyle+Freeride,TRUE
Snow Jackets,Snowboard Jacken,TRUE
Snow Jackets women,Snowboard Jacken Women,TRUE
Snow Jackets youth,Snowboard Jacken Kinder,TRUE
Shorts,Shorts,TRUE
Pants women,Hosen Women,TRUE
Boardshorts youth,Boardshorts Kinder,TRUE
Long + Funboards,Long + Funboards,TRUE
Tools,Werkzeug,TRUE
Alien Workshop,Alien Workshop,TRUE
adidas eyewear,adidas eyewear,TRUE
VIVO,VIVO,TRUE
Spy,Spy,TRUE
Periplus AC+Ion Guides,Periplus AC+Ion Guides,TRUE
Rip Curl,Rip Curl,TRUE
Others,Andere,TRUE
Dakine,Dakine,TRUE
PYUA,PYUA,TRUE
Pro Tec,Pro Tec,TRUE
Bench,Bench,TRUE
adidas Originals,adidas Originals,TRUE
Red,Red,TRUE
Snow Pants,Snowboard Hosen,TRUE
Nixon,Nixon,TRUE
Watches,Uhren,TRUE
Helmets youth,Helme Kinder,TRUE
Volcom,Volcom,TRUE
F2-FTWO,F2-FTWO,TRUE
Nike,Nike,TRUE
Beanies,Mí_tzen,TRUE
Videocamera,Videokamera,TRUE
Southpoint,Southpoint,TRUE
Socks,Socken,TRUE
Skim One,Skim One,TRUE
Von Zipper,Von Zipper,TRUE
Roxy,Roxy,TRUE
Fox,Fox,TRUE
69 Slam,69 Slam,TRUE
Toko,Toko,TRUE
Snow Pants youth,Snowboard Hosen Kinder,TRUE
Snow Pants women,Snowboard Hosen Women,TRUE
Orage,Orage,TRUE
T-Shirts men,T-Shirts,TRUE
Surftech,Surftech,TRUE
Skirts and Dresses women,Rí_cke und Kleider,TRUE
Quiksilver,Quiksilver,TRUE
Shades,Sonnenbrillen,TRUE
Zimtstern,Zimtstern,TRUE
Belts,Gí_rtel,TRUE
DC,DC,TRUE
Oakley,Oakley,TRUE
Armada,Armada,TRUE
T-Shirts women,T-Shirts Women,TRUE
Landing,Landing,TRUE
Belts women,Gí_rtel Women,TRUE
Bags,Taschen,TRUE
Watches women,Uhren Women,TRUE
Kids,Kinder,TRUE
Element,Element,TRUE
droid.,droid.,TRUE
Shortboards + Fish,Shortboards + Fish,TRUE
Blue Tomato,Blue Tomato,TRUE
Elm,Elm,TRUE
Foursquare,Foursquare,TRUE
Tops,Tops,TRUE
Caps,Caps,TRUE
Gloves,Handschuhe,TRUE
Shirts,Hemden,TRUE
Vans,Vans,TRUE
Surf,Surf,TRUE
Snow,Snow,TRUE
Streetwear,Streetwear,TRUE
Shoes,Schuhe,TRUE
Sunglasses,Sonnenbrillen,TRUE
Helmets,Helme,TRUE
Backpacks,Rucksí_cke,TRUE